Workbook

Sheet COMPRA BARRAMENTO
B2: ESPESSURA 5MM Al | G2: ESPESSURA 6MM Al | L2: ESPESSURA 8MM Al | Q2: ESPESSURA 10MM Al
B5: BARRA | C5: Espessura | D5: QNTD(Metros) | E5: Observação | G5: BARRA | H5: Espessura | I5: QNTD(Metros) | J5: Observação | L5: BARRA | M5: Espessura | N5: QNTD(Metros) | O5: Observação | Q5: BARRA | R5: Espessura | S5: QNTD(Metros) | T5: Observação | X5: Alumínio IS 5082 - 63401-W
B6: 20,00 mm | C6: 5,00 mm | D6: =SUMIFS(DADOS!P:P,DADOS!I:I,'COMPRA BARRAMENTO'!B6,DADOS!K:K,'COMPRA BARRAMENTO'!C6,DADOS!H:H,'COMPRA BARRAMENTO'!$X$5)/1000 -> 0 | G6: 20,00 mm | H6: 6,00 mm | I6: =SUMIFS(DADOS!P:P,DADOS!I:I,'COMPRA BARRAMENTO'!G6,DADOS!K:K,'COMPRA BARRAMENTO'!H6,DADOS!H:H,'COMPRA BARRAMENTO'!$X$5)/1000 -> 0 | L6: 20,00 mm | M6: 8,00 mm | N6: =SUMIFS(DADOS!P:P,DADOS!I:I,'COMPRA BARRAMENTO'!L6,DADOS!K:K,'COMPRA BARRAMENTO'!M6,DADOS!H:H,'COMPRA BARRAMENTO'!$X$5)/1000 -> 0 | Q6: 20,00 mm | R6: 10,00 mm | S6: =SUMIFS(DADOS!P:P,DADOS!I:I,'COMPRA BARRAMENTO'!Q6,DADOS!K:K,'COMPRA BARRAMENTO'!R6,DADOS!H:H,'COMPRA BARRAMENTO'!$X$5)/1000 -> 0 | X6: Cobre ETP R250
B7: 25,00 mm | C7: 5,00 mm | D7: =SUMIFS(DADOS!P:P,DADOS!I:I,'COMPRA BARRAMENTO'!B7,DADOS!K:K,'COMPRA BARRAMENTO'!C7,DADOS!H:H,'COMPRA BARRAMENTO'!$X$5)/1000 -> 0 | G7: 25,00 mm | H7: 6,00 mm | I7: =SUMIFS(DADOS!P:P,DADOS!I:I,'COMPRA BARRAMENTO'!G7,DADOS!K:K,'COMPRA BARRAMENTO'!H7,DADOS!H:H,'COMPRA BARRAMENTO'!$X$5)/1000 -> 0 | L7: 25,00 mm | M7: 8,00 mm | N7: =SUMIFS(DADOS!P:P,DADOS!I:I,'COMPRA BARRAMENTO'!L7,DADOS!K:K,'COMPRA BARRAMENTO'!M7,DADOS!H:H,'COMPRA BARRAMENTO'!$X$5)/1000 -> 0 | Q7: 25,00 mm | R7: 10,00 mm | S7: =SUMIFS(DADOS!P:P,DADOS!I:I,'COMPRA BARRAMENTO'!Q7,DADOS!K:K,'COMPRA BARRAMENTO'!R7,DADOS!H:H,'COMPRA BARRAMENTO'!$X$5)/1000 -> 0
B8: 30,00 mm | C8: 5,00 mm | D8: =SUMIFS(DADOS!P:P,DADOS!I:I,'COMPRA BARRAMENTO'!B8,DADOS!K:K,'COMPRA BARRAMENTO'!C8,DADOS!H:H,'COMPRA BARRAMENTO'!$X$5)/1000 -> 0 | G8: 30,00 mm | H8: 6,00 mm | I8: =SUMIFS(DADOS!P:P,DADOS!I:I,'COMPRA BARRAMENTO'!G8,DADOS!K:K,'COMPRA BARRAMENTO'!H8,DADOS!H:H,'COMPRA BARRAMENTO'!$X$5)/1000 -> 0 | L8: 30,00 mm | M8: 8,00 mm | N8: =SUMIFS(DADOS!K:K,DADOS!I:I,'COMPRA BARRAMENTO'!L8,DADOS!K:K,'COMPRA BARRAMENTO'!M8,DADOS!H:H,'COMPRA BARRAMENTO'!$X$5)/1000 -> 0 | Q8: 30,00 mm | R8: 10,00 mm | S8: =SUMIFS(DADOS!P:P,DADOS!I:I,'COMPRA BARRAMENTO'!Q8,DADOS!K:K,'COMPRA BARRAMENTO'!R8,DADOS!H:H,'COMPRA BARRAMENTO'!$X$5)/1000 -> 0
B9: 40,00 mm | C9: 5,00 mm | D9: =SUMIFS(DADOS!P:P,DADOS!I:I,'COMPRA BARRAMENTO'!B9,DADOS!K:K,'COMPRA BARRAMENTO'!C9,DADOS!H:H,'COMPRA BARRAMENTO'!$X$5)/1000 -> 0 | G9: 40,00 mm | H9: 6,00 mm | I9: =SUMIFS(DADOS!P:P,DADOS!I:I,'COMPRA BARRAMENTO'!G9,DADOS!K:K,'COMPRA BARRAMENTO'!H9,DADOS!H:H,'COMPRA BARRAMENTO'!$X$5)/1000 -> 0 | L9: 40,00 mm | M9: 8,00 mm | N9: =SUMIFS(DADOS!P:P,DADOS!I:I,'COMPRA BARRAMENTO'!L9,DADOS!K:K,'COMPRA BARRAMENTO'!M9,DADOS!H:H,'COMPRA BARRAMENTO'!$X$5)/1000 -> 0 | Q9: 40,00 mm | R9: 10,00 mm | S9: =SUMIFS(DADOS!P:P,DADOS!I:I,'COMPRA BARRAMENTO'!Q9,DADOS!K:K,'COMPRA BARRAMENTO'!R9,DADOS!H:H,'COMPRA BARRAMENTO'!$X$5)/1000 -> 0
B10: 50,00 mm | C10: 5,00 mm | D10: =SUMIFS(DADOS!P:P,DADOS!I:I,'COMPRA BARRAMENTO'!B10,DADOS!K:K,'COMPRA BARRAMENTO'!C10,DADOS!H:H,'COMPRA BARRAMENTO'!$X$5)/1000 -> 0 | G10: 50,00 mm | H10: 6,00 mm | I10: =SUMIFS(DADOS!P:P,DADOS!I:I,'COMPRA BARRAMENTO'!G10,DADOS!K:K,'COMPRA BARRAMENTO'!H10,DADOS!H:H,'COMPRA BARRAMENTO'!$X$5)/1000 -> 0 | L10: 50,00 mm | M10: 8,00 mm | N10: =SUMIFS(DADOS!P:P,DADOS!I:I,'COMPRA BARRAMENTO'!L10,DADOS!K:K,'COMPRA BARRAMENTO'!M10,DADOS!H:H,'COMPRA BARRAMENTO'!$X$5)/1000 -> 0 | Q10: 50,00 mm | R10: 10,00 mm | S10: =SUMIFS(DADOS!P:P,DADOS!I:I,'COMPRA BARRAMENTO'!Q10,DADOS!K:K,'COMPRA BARRAMENTO'!R10,DADOS!H:H,'COMPRA BARRAMENTO'!$X$5)/1000 -> 0
B11: 60,00 mm | C11: 5,00 mm | D11: =SUMIFS(DADOS!P:P,DADOS!I:I,'COMPRA BARRAMENTO'!B11,DADOS!K:K,'COMPRA BARRAMENTO'!C11,DADOS!H:H,'COMPRA BARRAMENTO'!$X$5)/1000 -> 0 | G11: 60,00 mm | H11: 6,00 mm | I11: =SUMIFS(DADOS!P:P,DADOS!I:I,'COMPRA BARRAMENTO'!G11,DADOS!K:K,'COMPRA BARRAMENTO'!H11,DADOS!H:H,'COMPRA BARRAMENTO'!$X$5)/1000 -> 0 | L11: 60,00 mm | M11: 8,00 mm | N11: =SUMIFS(DADOS!P:P,DADOS!I:I,'COMPRA BARRAMENTO'!L11,DADOS!K:K,'COMPRA BARRAMENTO'!M11,DADOS!H:H,'COMPRA BARRAMENTO'!$X$5)/1000 -> 0 | Q11: 60,00 mm | R11: 10,00 mm | S11: =SUMIFS(DADOS!P:P,DADOS!I:I,'COMPRA BARRAMENTO'!Q11,DADOS!K:K,'COMPRA BARRAMENTO'!R11,DADOS!H:H,'COMPRA BARRAMENTO'!$X$5)/1000 -> 0
B12: 75,00 mm | C12: 5,00 mm | D12: =SUMIFS(DADOS!P:P,DADOS!I:I,'COMPRA BARRAMENTO'!B12,DADOS!K:K,'COMPRA BARRAMENTO'!C12,DADOS!H:H,'COMPRA BARRAMENTO'!$X$5)/1000 -> 0 | G12: 75,00 mm | H12: 6,00 mm | I12: =SUMIFS(DADOS!P:P,DADOS!I:I,'COMPRA BARRAMENTO'!G12,DADOS!K:K,'COMPRA BARRAMENTO'!H12,DADOS!H:H,'COMPRA BARRAMENTO'!$X$5)/1000 -> 0 | L12: 75,00 mm | M12: 8,00 mm | N12: =SUMIFS(DADOS!P:P,DADOS!I:I,'COMPRA BARRAMENTO'!L12,DADOS!K:K,'COMPRA BARRAMENTO'!M12,DADOS!H:H,'COMPRA BARRAMENTO'!$X$5)/1000 -> 0 | Q12: 75,00 mm | R12: 10,00 mm | S12: =SUMIFS(DADOS!P:P,DADOS!I:I,'COMPRA BARRAMENTO'!Q12,DADOS!K:K,'COMPRA BARRAMENTO'!R12,DADOS!H:H,'COMPRA BARRAMENTO'!$X$5)/1000 -> 0
B13: 80,00 mm | C13: 5,00 mm | D13: =SUMIFS(DADOS!P:P,DADOS!I:I,'COMPRA BARRAMENTO'!B13,DADOS!K:K,'COMPRA BARRAMENTO'!C13,DADOS!H:H,'COMPRA BARRAMENTO'!$X$5)/1000 -> 0 | G13: 80,00 mm | H13: 6,00 mm | I13: =SUMIFS(DADOS!P:P,DADOS!I:I,'COMPRA BARRAMENTO'!G13,DADOS!K:K,'COMPRA BARRAMENTO'!H13,DADOS!H:H,'COMPRA BARRAMENTO'!$X$5)/1000 -> 0 | L13: 80,00 mm | M13: 8,00 mm | N13: =SUMIFS(DADOS!P:P,DADOS!I:I,'COMPRA BARRAMENTO'!L13,DADOS!K:K,'COMPRA BARRAMENTO'!M13,DADOS!H:H,'COMPRA BARRAMENTO'!$X$5)/1000 -> 0 | Q13: 80,00 mm | R13: 10,00 mm | S13: =SUMIFS(DADOS!P:P,DADOS!I:I,'COMPRA BARRAMENTO'!Q13,DADOS!K:K,'COMPRA BARRAMENTO'!R13,DADOS!H:H,'COMPRA BARRAMENTO'!$X$5)/1000 -> 0
B14: 100,00 mm | C14: 5,00 mm | D14: =SUMIFS(DADOS!P:P,DADOS!I:I,'COMPRA BARRAMENTO'!B14,DADOS!K:K,'COMPRA BARRAMENTO'!C14,DADOS!H:H,'COMPRA BARRAMENTO'!$X$5)/1000 -> 0 | G14: 100,00 mm | H14: 6,00 mm | I14: =SUMIFS(DADOS!P:P,DADOS!I:I,'COMPRA BARRAMENTO'!G14,DADOS!K:K,'COMPRA BARRAMENTO'!H14,DADOS!H:H,'COMPRA BARRAMENTO'!$X$5)/1000 -> 0 | L14: 100,00 mm | M14: 8,00 mm | N14: =SUMIFS(DADOS!P:P,DADOS!I:I,'COMPRA BARRAMENTO'!L14,DADOS!K:K,'COMPRA BARRAMENTO'!M14,DADOS!H:H,'COMPRA BARRAMENTO'!$X$5)/1000 -> 0 | Q14: 100,00 mm | R14: 10,00 mm | S14: =SUMIFS(DADOS!P:P,DADOS!I:I,'COMPRA BARRAMENTO'!Q14,DADOS!K:K,'COMPRA BARRAMENTO'!R14,DADOS!H:H,'COMPRA BARRAMENTO'!$X$5)/1000 -> 0
B15: 125,00 mm | C15: 5,00 mm | D15: =SUMIFS(DADOS!P:P,DADOS!I:I,'COMPRA BARRAMENTO'!B15,DADOS!K:K,'COMPRA BARRAMENTO'!C15,DADOS!H:H,'COMPRA BARRAMENTO'!$X$5)/1000 -> 0 | G15: 125,00 mm | H15: 6,00 mm | I15: =SUMIFS(DADOS!P:P,DADOS!I:I,'COMPRA BARRAMENTO'!G15,DADOS!K:K,'COMPRA BARRAMENTO'!H15,DADOS!H:H,'COMPRA BARRAMENTO'!$X$5)/1000 -> 0 | L15: 125,00 mm | M15: 8,00 mm | N15: =SUMIFS(DADOS!P:P,DADOS!I:I,'COMPRA BARRAMENTO'!L15,DADOS!K:K,'COMPRA BARRAMENTO'!M15,DADOS!H:H,'COMPRA BARRAMENTO'!$X$5)/1000 -> 0 | Q15: 125,00 mm | R15: 10,00 mm | S15: =SUMIFS(DADOS!P:P,DADOS!I:I,'COMPRA BARRAMENTO'!Q15,DADOS!K:K,'COMPRA BARRAMENTO'!R15,DADOS!H:H,'COMPRA BARRAMENTO'!$X$5)/1000 -> 0
B16: 150,00 mm | C16: 5,00 mm | D16: =SUMIFS(DADOS!P:P,DADOS!I:I,'COMPRA BARRAMENTO'!B16,DADOS!K:K,'COMPRA BARRAMENTO'!C16,DADOS!H:H,'COMPRA BARRAMENTO'!$X$5)/1000 -> 0 | G16: 150,00 mm | H16: 6,00 mm | I16: =SUMIFS(DADOS!P:P,DADOS!I:I,'COMPRA BARRAMENTO'!G16,DADOS!K:K,'COMPRA BARRAMENTO'!H16,DADOS!H:H,'COMPRA BARRAMENTO'!$X$5)/1000 -> 0 | L16: 150,00 mm | M16: 8,00 mm | N16: =SUMIFS(DADOS!P:P,DADOS!I:I,'COMPRA BARRAMENTO'!L16,DADOS!K:K,'COMPRA BARRAMENTO'!M16,DADOS!H:H,'COMPRA BARRAMENTO'!$X$5)/1000 -> 0 | Q16: 150,00 mm | R16: 10,00 mm | S16: =SUMIFS(DADOS!P:P,DADOS!I:I,'COMPRA BARRAMENTO'!Q16,DADOS!K:K,'COMPRA BARRAMENTO'!R16,DADOS!H:H,'COMPRA BARRAMENTO'!$X$5)/1000 -> 0
B17: 200,00 mm | C17: 5,00 mm | D17: =SUMIFS(DADOS!P:P,DADOS!I:I,'COMPRA BARRAMENTO'!B17,DADOS!K:K,'COMPRA BARRAMENTO'!C17,DADOS!H:H,'COMPRA BARRAMENTO'!$X$5)/1000 -> 0 | G17: 200,00 mm | H17: 6,00 mm | I17: =SUMIFS(DADOS!P:P,DADOS!I:I,'COMPRA BARRAMENTO'!G17,DADOS!K:K,'COMPRA BARRAMENTO'!H17,DADOS!H:H,'COMPRA BARRAMENTO'!$X$5)/1000 -> 0 | L17: 200,00 mm | M17: 8,00 mm | N17: =SUMIFS(DADOS!P:P,DADOS!I:I,'COMPRA BARRAMENTO'!L17,DADOS!K:K,'COMPRA BARRAMENTO'!M17,DADOS!H:H,'COMPRA BARRAMENTO'!$X$5)/1000 -> 0 | Q17: 200,00 mm | R17: 10,00 mm | S17: =SUMIFS(DADOS!P:P,DADOS!I:I,'COMPRA BARRAMENTO'!Q17,DADOS!K:K,'COMPRA BARRAMENTO'!R17,DADOS!H:H,'COMPRA BARRAMENTO'!$X$5)/1000 -> 0
B20: ESPESSURA 5MM Cu | G20: ESPESSURA 6MM Cu | L20: ESPESSURA 8MM Cu | Q20: ESPESSURA 10MM Cu
B23: BARRA | C23: Espessura | D23: QNTD(Metros) | E23: Observação | G23: BARRA | H23: Espessura | I23: QNTD(Metros) | J23: Observação | L23: BARRA | M23: Espessura | N23: QNTD(Metros) | O23: Observação | Q23: BARRA | R23: Espessura | S23: QNTD(Metros) | T23: Observação
B24: 20,00 mm | C24: 5,00 mm | D24: =SUMIFS(DADOS!P:P,DADOS!I:I,'COMPRA BARRAMENTO'!B24,DADOS!K:K,'COMPRA BARRAMENTO'!C24,DADOS!H:H,'COMPRA BARRAMENTO'!$X$6)/1000 -> 0 | G24: 20,00 mm | H24: 6,00 mm | I24: =SUMIFS(DADOS!P:P,DADOS!I:I,'COMPRA BARRAMENTO'!G24,DADOS!K:K,'COMPRA BARRAMENTO'!H24,DADOS!H:H,'COMPRA BARRAMENTO'!$X$6)/1000 -> 0 | L24: 20,00 mm | M24: 8,00 mm | N24: =SUMIFS(DADOS!P:P,DADOS!I:I,'COMPRA BARRAMENTO'!L24,DADOS!K:K,'COMPRA BARRAMENTO'!M24,DADOS!H:H,'COMPRA BARRAMENTO'!$X$6)/1000 -> 0 | Q24: 20,00 mm | R24: 10,00 mm | S24: =SUMIFS(DADOS!P:P,DADOS!I:I,'COMPRA BARRAMENTO'!Q24,DADOS!K:K,'COMPRA BARRAMENTO'!R24,DADOS!H:H,'COMPRA BARRAMENTO'!$X$6)/1000 -> 0
B25: 25,00 mm | C25: 5,00 mm | D25: =SUMIFS(DADOS!P:P,DADOS!I:I,'COMPRA BARRAMENTO'!B25,DADOS!K:K,'COMPRA BARRAMENTO'!C25,DADOS!H:H,'COMPRA BARRAMENTO'!$X$6)/1000 -> 0 | G25: 25,00 mm | H25: 6,00 mm | I25: =SUMIFS(DADOS!P:P,DADOS!I:I,'COMPRA BARRAMENTO'!G25,DADOS!K:K,'COMPRA BARRAMENTO'!H25,DADOS!H:H,'COMPRA BARRAMENTO'!$X$6)/1000 -> 0 | L25: 25,00 mm | M25: 8,00 mm | N25: =SUMIFS(DADOS!P:P,DADOS!I:I,'COMPRA BARRAMENTO'!L25,DADOS!K:K,'COMPRA BARRAMENTO'!M25,DADOS!H:H,'COMPRA BARRAMENTO'!$X$6)/1000 -> 0 | Q25: 25,00 mm | R25: 10,00 mm | S25: =SUMIFS(DADOS!P:P,DADOS!I:I,'COMPRA BARRAMENTO'!Q25,DADOS!K:K,'COMPRA BARRAMENTO'!R25,DADOS!H:H,'COMPRA BARRAMENTO'!$X$6)/1000 -> 0
B26: 30,00 mm | C26: 5,00 mm | D26: =SUMIFS(DADOS!P:P,DADOS!I:I,'COMPRA BARRAMENTO'!B26,DADOS!K:K,'COMPRA BARRAMENTO'!C26,DADOS!H:H,'COMPRA BARRAMENTO'!$X$6)/1000 -> 0 | G26: 30,00 mm | H26: 6,00 mm | I26: =SUMIFS(DADOS!P:P,DADOS!I:I,'COMPRA BARRAMENTO'!G26,DADOS!K:K,'COMPRA BARRAMENTO'!H26,DADOS!H:H,'COMPRA BARRAMENTO'!$X$6)/1000 -> 0 | L26: 30,00 mm | M26: 8,00 mm | N26: =SUMIFS(DADOS!P:P,DADOS!I:I,'COMPRA BARRAMENTO'!L26,DADOS!K:K,'COMPRA BARRAMENTO'!M26,DADOS!H:H,'COMPRA BARRAMENTO'!$X$6)/1000 -> 0 | Q26: 30,00 mm | R26: 10,00 mm | S26: =SUMIFS(DADOS!P:P,DADOS!I:I,'COMPRA BARRAMENTO'!Q26,DADOS!K:K,'COMPRA BARRAMENTO'!R26,DADOS!H:H,'COMPRA BARRAMENTO'!$X$6)/1000 -> 0
B27: 40,00 mm | C27: 5,00 mm | D27: =SUMIFS(DADOS!P:P,DADOS!I:I,'COMPRA BARRAMENTO'!B27,DADOS!K:K,'COMPRA BARRAMENTO'!C27,DADOS!H:H,'COMPRA BARRAMENTO'!$X$6)/1000 -> 0 | G27: 40,00 mm | H27: 6,00 mm | I27: =SUMIFS(DADOS!P:P,DADOS!I:I,'COMPRA BARRAMENTO'!G27,DADOS!K:K,'COMPRA BARRAMENTO'!H27,DADOS!H:H,'COMPRA BARRAMENTO'!$X$6)/1000 -> 0 | L27: 40,00 mm | M27: 8,00 mm | N27: =SUMIFS(DADOS!P:P,DADOS!I:I,'COMPRA BARRAMENTO'!L27,DADOS!K:K,'COMPRA BARRAMENTO'!M27,DADOS!H:H,'COMPRA BARRAMENTO'!$X$6)/1000 -> 0 | Q27: 40,00 mm | R27: 10,00 mm | S27: =SUMIFS(DADOS!P:P,DADOS!I:I,'COMPRA BARRAMENTO'!Q27,DADOS!K:K,'COMPRA BARRAMENTO'!R27,DADOS!H:H,'COMPRA BARRAMENTO'!$X$6)/1000 -> 0
B28: 50,00 mm | C28: 5,00 mm | D28: =SUMIFS(DADOS!P:P,DADOS!I:I,'COMPRA BARRAMENTO'!B28,DADOS!K:K,'COMPRA BARRAMENTO'!C28,DADOS!H:H,'COMPRA BARRAMENTO'!$X$6)/1000 -> 0 | G28: 50,00 mm | H28: 6,00 mm | I28: =SUMIFS(DADOS!P:P,DADOS!I:I,'COMPRA BARRAMENTO'!G28,DADOS!K:K,'COMPRA BARRAMENTO'!H28,DADOS!H:H,'COMPRA BARRAMENTO'!$X$6)/1000 -> 0 | L28: 50,00 mm | M28: 8,00 mm | N28: =SUMIFS(DADOS!P:P,DADOS!I:I,'COMPRA BARRAMENTO'!L28,DADOS!K:K,'COMPRA BARRAMENTO'!M28,DADOS!H:H,'COMPRA BARRAMENTO'!$X$6)/1000 -> 0 | Q28: 50,00 mm | R28: 10,00 mm | S28: =SUMIFS(DADOS!P:P,DADOS!I:I,'COMPRA BARRAMENTO'!Q28,DADOS!K:K,'COMPRA BARRAMENTO'!R28,DADOS!H:H,'COMPRA BARRAMENTO'!$X$6)/1000 -> 0
B29: 60,00 mm | C29: 5,00 mm | D29: =SUMIFS(DADOS!P:P,DADOS!I:I,'COMPRA BARRAMENTO'!B29,DADOS!K:K,'COMPRA BARRAMENTO'!C29,DADOS!H:H,'COMPRA BARRAMENTO'!$X$6)/1000 -> 0 | G29: 60,00 mm | H29: 6,00 mm | I29: =SUMIFS(DADOS!P:P,DADOS!I:I,'COMPRA BARRAMENTO'!G29,DADOS!K:K,'COMPRA BARRAMENTO'!H29,DADOS!H:H,'COMPRA BARRAMENTO'!$X$6)/1000 -> 0 | L29: 60,00 mm | M29: 8,00 mm | N29: =SUMIFS(DADOS!P:P,DADOS!I:I,'COMPRA BARRAMENTO'!L29,DADOS!K:K,'COMPRA BARRAMENTO'!M29,DADOS!H:H,'COMPRA BARRAMENTO'!$X$6)/1000 -> 0 | Q29: 60,00 mm | R29: 10,00 mm | S29: =SUMIFS(DADOS!P:P,DADOS!I:I,'COMPRA BARRAMENTO'!Q29,DADOS!K:K,'COMPRA BARRAMENTO'!R29,DADOS!H:H,'COMPRA BARRAMENTO'!$X$6)/1000 -> 0
B30: 75,00 mm | C30: 5,00 mm | D30: =SUMIFS(DADOS!P:P,DADOS!I:I,'COMPRA BARRAMENTO'!B30,DADOS!K:K,'COMPRA BARRAMENTO'!C30,DADOS!H:H,'COMPRA BARRAMENTO'!$X$6)/1000 -> 0 | G30: 75,00 mm | H30: 6,00 mm | I30: =SUMIFS(DADOS!P:P,DADOS!I:I,'COMPRA BARRAMENTO'!G30,DADOS!K:K,'COMPRA BARRAMENTO'!H30,DADOS!H:H,'COMPRA BARRAMENTO'!$X$6)/1000 -> 0 | L30: 75,00 mm | M30: 8,00 mm | N30: =SUMIFS(DADOS!P:P,DADOS!I:I,'COMPRA BARRAMENTO'!L30,DADOS!K:K,'COMPRA BARRAMENTO'!M30,DADOS!H:H,'COMPRA BARRAMENTO'!$X$6)/1000 -> 0 | Q30: 75,00 mm | R30: 10,00 mm | S30: =SUMIFS(DADOS!P:P,DADOS!I:I,'COMPRA BARRAMENTO'!Q30,DADOS!K:K,'COMPRA BARRAMENTO'!R30,DADOS!H:H,'COMPRA BARRAMENTO'!$X$6)/1000 -> 0
B31: 80,00 mm | C31: 5,00 mm | D31: =SUMIFS(DADOS!P:P,DADOS!I:I,'COMPRA BARRAMENTO'!B31,DADOS!K:K,'COMPRA BARRAMENTO'!C31,DADOS!H:H,'COMPRA BARRAMENTO'!$X$6)/1000 -> 0 | G31: 80,00 mm | H31: 6,00 mm | I31: =SUMIFS(DADOS!P:P,DADOS!I:I,'COMPRA BARRAMENTO'!G31,DADOS!K:K,'COMPRA BARRAMENTO'!H31,DADOS!H:H,'COMPRA BARRAMENTO'!$X$6)/1000 -> 0 | L31: 80,00 mm | M31: 8,00 mm | N31: =SUMIFS(DADOS!P:P,DADOS!I:I,'COMPRA BARRAMENTO'!L31,DADOS!K:K,'COMPRA BARRAMENTO'!M31,DADOS!H:H,'COMPRA BARRAMENTO'!$X$6)/1000 -> 0 | Q31: 80,00 mm | R31: 10,00 mm | S31: =SUMIFS(DADOS!P:P,DADOS!I:I,'COMPRA BARRAMENTO'!Q31,DADOS!K:K,'COMPRA BARRAMENTO'!R31,DADOS!H:H,'COMPRA BARRAMENTO'!$X$6)/1000 -> 0
B32: 100,00 mm | C32: 5,00 mm | D32: =SUMIFS(DADOS!P:P,DADOS!I:I,'COMPRA BARRAMENTO'!B32,DADOS!K:K,'COMPRA BARRAMENTO'!C32,DADOS!H:H,'COMPRA BARRAMENTO'!$X$6)/1000 -> 0 | G32: 100,00 mm | H32: 6,00 mm | I32: =SUMIFS(DADOS!P:P,DADOS!I:I,'COMPRA BARRAMENTO'!G32,DADOS!K:K,'COMPRA BARRAMENTO'!H32,DADOS!H:H,'COMPRA BARRAMENTO'!$X$6)/1000 -> 0 | L32: 100,00 mm | M32: 8,00 mm | N32: =SUMIFS(DADOS!P:P,DADOS!I:I,'COMPRA BARRAMENTO'!L32,DADOS!K:K,'COMPRA BARRAMENTO'!M32,DADOS!H:H,'COMPRA BARRAMENTO'!$X$6)/1000 -> 0 | Q32: 100,00 mm | R32: 10,00 mm | S32: =SUMIFS(DADOS!P:P,DADOS!I:I,'COMPRA BARRAMENTO'!Q32,DADOS!K:K,'COMPRA BARRAMENTO'!R32,DADOS!H:H,'COMPRA BARRAMENTO'!$X$6)/1000 -> 0
B33: 125,00 mm | C33: 5,00 mm | D33: =SUMIFS(DADOS!P:P,DADOS!I:I,'COMPRA BARRAMENTO'!B33,DADOS!K:K,'COMPRA BARRAMENTO'!C33,DADOS!H:H,'COMPRA BARRAMENTO'!$X$6)/1000 -> 0 | G33: 125,00 mm | H33: 6,00 mm | I33: =SUMIFS(DADOS!P:P,DADOS!I:I,'COMPRA BARRAMENTO'!G33,DADOS!K:K,'COMPRA BARRAMENTO'!H33,DADOS!H:H,'COMPRA BARRAMENTO'!$X$6)/1000 -> 0 | L33: 125,00 mm | M33: 8,00 mm | N33: =SUMIFS(DADOS!P:P,DADOS!I:I,'COMPRA BARRAMENTO'!L33,DADOS!K:K,'COMPRA BARRAMENTO'!M33,DADOS!H:H,'COMPRA BARRAMENTO'!$X$6)/1000 -> 0 | Q33: 125,00 mm | R33: 10,00 mm | S33: =SUMIFS(DADOS!P:P,DADOS!I:I,'COMPRA BARRAMENTO'!Q33,DADOS!K:K,'COMPRA BARRAMENTO'!R33,DADOS!H:H,'COMPRA BARRAMENTO'!$X$6)/1000 -> 0
B34: 150,00 mm | C34: 5,00 mm | D34: =SUMIFS(DADOS!P:P,DADOS!I:I,'COMPRA BARRAMENTO'!B34,DADOS!K:K,'COMPRA BARRAMENTO'!C34,DADOS!H:H,'COMPRA BARRAMENTO'!$X$6)/1000 -> 0 | G34: 150,00 mm | H34: 6,00 mm | I34: =SUMIFS(DADOS!P:P,DADOS!I:I,'COMPRA BARRAMENTO'!G34,DADOS!K:K,'COMPRA BARRAMENTO'!H34,DADOS!H:H,'COMPRA BARRAMENTO'!$X$6)/1000 -> 0 | L34: 150,00 mm | M34: 8,00 mm | N34: =SUMIFS(DADOS!P:P,DADOS!I:I,'COMPRA BARRAMENTO'!L34,DADOS!K:K,'COMPRA BARRAMENTO'!M34,DADOS!H:H,'COMPRA BARRAMENTO'!$X$6)/1000 -> 0 | Q34: 150,00 mm | R34: 10,00 mm | S34: =SUMIFS(DADOS!P:P,DADOS!I:I,'COMPRA BARRAMENTO'!Q34,DADOS!K:K,'COMPRA BARRAMENTO'!R34,DADOS!H:H,'COMPRA BARRAMENTO'!$X$6)/1000 -> 0
B35: 200,00 mm | C35: 5,00 mm | D35: =SUMIFS(DADOS!P:P,DADOS!I:I,'COMPRA BARRAMENTO'!B35,DADOS!K:K,'COMPRA BARRAMENTO'!C35,DADOS!H:H,'COMPRA BARRAMENTO'!$X$6)/1000 -> 0 | G35: 200,00 mm | H35: 6,00 mm | I35: =SUMIFS(DADOS!P:P,DADOS!I:I,'COMPRA BARRAMENTO'!G35,DADOS!K:K,'COMPRA BARRAMENTO'!H35,DADOS!H:H,'COMPRA BARRAMENTO'!$X$6)/1000 -> 0 | L35: 200,00 mm | M35: 8,00 mm | N35: =SUMIFS(DADOS!P:P,DADOS!I:I,'COMPRA BARRAMENTO'!L35,DADOS!K:K,'COMPRA BARRAMENTO'!M35,DADOS!H:H,'COMPRA BARRAMENTO'!$X$6)/1000 -> 0 | Q35: 200,00 mm | R35: 10,00 mm | S35: =SUMIFS(DADOS!P:P,DADOS!I:I,'COMPRA BARRAMENTO'!Q35,DADOS!K:K,'COMPRA BARRAMENTO'!R35,DADOS!H:H,'COMPRA BARRAMENTO'!$X$6)/1000 -> 0

Sheet DADOS
A1: ITEM | B1: QTDE. | C1: REFERÊNCIA | D1: REV. | E1: DATA REV. | F1: DESCRIÇÃO | G1: OBS. | H1: MATERIAL | I1: Larg | J1: Comp | K1: Espessura | O1: Mais 15 corte | P1: TOTAL
N2: =SUBSTITUTE(UPPER(J2),"MM","") | O2: =N2+15 -> #VALUE! | P2: =O2*B2 -> #VALUE!
N3: =SUBSTITUTE(UPPER(J3),"MM","") | O3: =N3+15 -> #VALUE! | P3: =O3*B3 -> #VALUE!
N4: =SUBSTITUTE(UPPER(J4),"MM","") | O4: =N4+15 -> #VALUE! | P4: =O4*B4 -> #VALUE!
N5: =SUBSTITUTE(UPPER(J5),"MM","") | O5: =N5+15 -> #VALUE! | P5: =O5*B5 -> #VALUE!
N6: =SUBSTITUTE(UPPER(J6),"MM","") | O6: =N6+15 -> #VALUE! | P6: =O6*B6 -> #VALUE!
N7: =SUBSTITUTE(UPPER(J7),"MM","") | O7: =N7+15 -> #VALUE! | P7: =O7*B7 -> #VALUE!
N8: =SUBSTITUTE(UPPER(J8),"MM","") | O8: =N8+15 -> #VALUE! | P8: =O8*B8 -> #VALUE!
N9: =SUBSTITUTE(UPPER(J9),"MM","") | O9: =N9+15 -> #VALUE! | P9: =O9*B9 -> #VALUE!
N10: =SUBSTITUTE(UPPER(J10),"MM","") | O10: =N10+15 -> #VALUE! | P10: =O10*B10 -> #VALUE!
N11: =SUBSTITUTE(UPPER(J11),"MM","") | O11: =N11+15 -> #VALUE! | P11: =O11*B11 -> #VALUE!
N12: =SUBSTITUTE(UPPER(J12),"MM","") | O12: =N12+15 -> #VALUE! | P12: =O12*B12 -> #VALUE!
N13: =SUBSTITUTE(UPPER(J13),"MM","") | O13: =N13+15 -> #VALUE! | P13: =O13*B13 -> #VALUE!
... N95: =SUBSTITUTE(UPPER(J95),"MM","") | O95: =N95+15 -> #VALUE! | P95: =O95*B95 -> #VALUE!
